block,item,trial,seed,instruction,trained_y,actual_y,reached_y,d_to_actual,d_to_trained,matches,grasp,placement,final_x,final_y,final_z
baseline,cola_can,0,7000,collect the can of cola and place it in the basket,-0.13,-0.13,-0.11272543210327168,0.01727456789672832,0.01727456789672832,,1,1,0.21681855755038706,0.010082380539380384,0.5183283731150387
baseline,cola_can,1,7001,pick the can of cola off the shelf and put it in the basket,-0.13,-0.13,-0.10615705368664483,0.02384294631335518,0.02384294631335518,,1,1,0.2031382471789411,0.003816786660189441,0.5183255929681916
baseline,cola_can,2,7002,grab the can of cola and put it in the basket,-0.13,-0.13,-0.12970327521938874,0.0002967247806112683,0.0002967247806112683,,1,1,0.19476227213865302,0.02850211382540794,0.5183261229217245
baseline,cola_can,3,7003,grab the can of cola and put it in the basket,-0.13,-0.13,-0.12079299843608816,0.00920700156391184,0.00920700156391184,,1,1,0.17059893059818906,0.07032229751488485,0.5027213677004697
baseline,cola_can,4,7004,pick up the can of cola and place it in the basket,-0.13,-0.13,-0.12143918304300684,0.008560816956993164,0.008560816956993164,,1,1,0.20848162575923226,0.02614938442678647,0.5183308757804617
baseline,cola_can,5,7005,pick up the can of cola and place it in the basket,-0.13,-0.13,-0.1154023513904843,0.014597648609515707,0.014597648609515707,,1,0,0.16483810370525503,0.08688672597817633,0.5028073021932873
baseline,cola_can,6,7006,take the can of cola and drop it in the basket,-0.13,-0.13,-0.11520553576535728,0.014794464234642729,0.014794464234642729,,1,1,0.17248500328255664,0.07137795007136276,0.502703607935802
baseline,cola_can,7,7007,put the can of cola into the basket,-0.13,-0.13,-0.12058904578019436,0.009410954219805645,0.009410954219805645,,1,1,0.16582171170296608,0.06819850245977345,0.5027169133926024
baseline,cola_can,8,7008,pick the can of cola off the shelf and put it in the basket,-0.13,-0.13,-0.12140997359111287,0.008590026408887133,0.008590026408887133,,1,1,0.17790224511399857,0.0040522900324134825,0.5028116928448622
baseline,cola_can,9,7009,grab the can of cola and put it in the basket,-0.13,-0.13,-0.11384813571330357,0.016151864286696432,0.016151864286696432,,1,1,0.18144799841611003,0.05887930511628214,0.5027181793463315
baseline,cola_can,10,7010,pick the can of cola off the shelf and put it in the basket,-0.13,-0.13,-0.11759699656894629,0.012403003431053716,0.012403003431053716,,1,1,0.19211200198799055,0.021287920576027283,0.5183272064568846
baseline,cola_can,11,7011,collect the can of cola and place it in the basket,-0.13,-0.13,-0.11613505010348678,0.013864949896513226,0.013864949896513226,,1,1,0.19799367419832123,0.019607800850743567,0.5183257882120784
baseline,water_bottle,0,8000,pick up the water bottle and place it in the basket,0.34,0.34,0.3259530970701432,0.01404690292985683,0.01404690292985683,,1,1,0.21754402425743344,0.024829812682342082,0.5447691759968841
baseline,water_bottle,1,8001,grab the water bottle and put it in the basket,0.34,0.34,0.3140846262645183,0.02591537373548175,0.02591537373548175,,1,1,0.23792728748249067,0.05573717595127917,0.5473084189684259
baseline,water_bottle,2,8002,pick up the water bottle and place it in the basket,0.34,0.34,0.31926645911466556,0.020733540885334467,0.020733540885334467,,1,1,0.20218714304033514,0.06282799624710857,0.5475247021392404
baseline,water_bottle,3,8003,pick up the water bottle and place it in the basket,0.34,0.34,0.31996200061428604,0.02003799938571399,0.02003799938571399,,1,1,0.31330720477064516,0.04645708618428259,0.5445001196218705
baseline,water_bottle,4,8004,take the water bottle and drop it in the basket,0.34,0.34,0.31789385285135274,0.02210614714864728,0.02210614714864728,,1,1,0.2630666045088375,0.05074971522699029,0.514165908842522
baseline,water_bottle,5,8005,take the water bottle and drop it in the basket,0.34,0.34,0.3279951308280048,0.012004869171995225,0.012004869171995225,,1,1,0.20670734434880825,0.01598914276150468,0.5444461051354871
baseline,water_bottle,6,8006,collect the water bottle and place it in the basket,0.34,0.34,0.3286244423002348,0.011375557699765226,0.011375557699765226,,1,1,0.2192939583927366,0.05634607266904267,0.5446264411349484
baseline,water_bottle,7,8007,put the water bottle into the basket,0.34,0.34,0.33480502571438886,0.005194974285611165,0.005194974285611165,,1,1,0.22745114171890388,0.00445459842692349,0.542242305562366
baseline,water_bottle,8,8008,pick the water bottle off the shelf and put it in the basket,0.34,0.34,0.3093141288464608,0.030685871153539213,0.030685871153539213,,1,1,0.19091426156652522,0.037577185708987874,0.5036604698619105
baseline,water_bottle,9,8009,collect the water bottle and place it in the basket,0.34,0.34,0.30471736000086636,0.03528263999913367,0.03528263999913367,,1,1,0.2328227837692595,0.055499293686236864,0.5453985054615655
baseline,water_bottle,10,8010,put the water bottle into the basket,0.34,0.34,0.32175161900945126,0.018248380990548763,0.018248380990548763,,1,0,0.14228648322769052,0.06730052170616865,0.5428948339396115
baseline,water_bottle,11,8011,collect the water bottle and place it in the basket,0.34,0.34,0.31593542561573235,0.02406457438426768,0.02406457438426768,,1,1,0.32785082131434096,0.05419553304328099,0.548684327074002
baseline,milk_carton,0,9000,put the milk carton into the basket,-0.26,-0.26,-0.23551071781348398,0.024489282186516026,0.024489282186516026,,1,1,0.19653844302971782,-0.007001120929259122,0.5331349093423201
baseline,milk_carton,1,9001,grab the milk carton and put it in the basket,-0.26,-0.26,-0.23410327021239963,0.02589672978760038,0.02589672978760038,,1,0,0.8918283673767927,-0.45815074042754084,1.0399084218636045
baseline,milk_carton,2,9002,put the milk carton into the basket,-0.26,-0.26,-0.24248603366116372,0.017513966338836284,0.017513966338836284,,1,1,0.20137944206646555,0.01797841744349626,0.5394395376288945
baseline,milk_carton,3,9003,pick the milk carton off the shelf and put it in the basket,-0.26,-0.26,-0.24474904187576368,0.015250958124236325,0.015250958124236325,,1,1,0.19894876520793123,0.03001592518206033,0.540294514857568
baseline,milk_carton,4,9004,collect the milk carton and place it in the basket,-0.26,-0.26,-0.24248315632066478,0.01751684367933523,0.01751684367933523,,1,1,0.20420583071020468,0.01023034052008953,0.5391005563970119
baseline,milk_carton,5,9005,put the milk carton into the basket,-0.26,-0.26,-0.22900139921207582,0.030998600787924185,0.030998600787924185,,0,0,0.7743025621694093,-0.3540896116403965,1.0399254560702789
baseline,milk_carton,6,9006,take the milk carton and drop it in the basket,-0.26,-0.26,-0.2264180894898412,0.0335819105101588,0.0335819105101588,,1,0,0.835866216804153,-0.28303202299685,1.081056592707657
baseline,milk_carton,7,9007,pick the milk carton off the shelf and put it in the basket,-0.26,-0.26,-0.23823659913815995,0.02176340086184006,0.02176340086184006,,1,1,0.17610432991170596,-0.033275472212223836,0.5316344676124625
baseline,milk_carton,8,9008,pick up the milk carton and place it in the basket,-0.26,-0.26,-0.24167664236484104,0.018323357635158966,0.018323357635158966,,1,1,0.23584007178923966,0.004223890966387665,0.5426966423269779
baseline,milk_carton,9,9009,pick the milk carton off the shelf and put it in the basket,-0.26,-0.26,-0.23733972262806902,0.022660277371930992,0.022660277371930992,,1,1,0.23255371988777207,-0.01218204795531923,0.5002294087747132
baseline,milk_carton,10,9010,grab the milk carton and put it in the basket,-0.26,-0.26,-0.23059310152515772,0.02940689847484229,0.02940689847484229,,0,0,1.0328435727209215,-0.40538932867258204,1.0398928269361334
baseline,milk_carton,11,9011,take the milk carton and drop it in the basket,-0.26,-0.26,-0.22879371561556316,0.031206284384436844,0.031206284384436844,,0,0,0.88388460410766,-0.33899588519184465,1.039920545010862
baseline,bread_loaf,0,10000,pick up the loaf of bread and place it in the basket,0.0,0.0,0.0029675441526081994,0.0029675441526081994,0.0029675441526081994,,1,1,0.20846775774348722,0.07220581799611454,0.498024993208236
baseline,bread_loaf,1,10001,take the loaf of bread and drop it in the basket,0.0,0.0,0.00824771127535089,0.00824771127535089,0.00824771127535089,,1,1,0.21135272159715596,0.020286618950345146,0.5012806616286691
baseline,bread_loaf,2,10002,pick the loaf of bread off the shelf and put it in the basket,0.0,0.0,0.0033069073594486726,0.0033069073594486726,0.0033069073594486726,,1,0,0.13067877975887632,0.032955313689951415,0.5049267215830443
baseline,bread_loaf,3,10003,grab the loaf of bread and put it in the basket,0.0,0.0,-0.002609822766566206,0.002609822766566206,0.002609822766566206,,1,1,0.21122699772010275,0.07677937279278622,0.4980419480034291
baseline,bread_loaf,4,10004,take the loaf of bread and drop it in the basket,0.0,0.0,-0.0002917658130862121,0.0002917658130862121,0.0002917658130862121,,1,1,0.2216541963591181,0.026711426271961367,0.5012799751647196
baseline,bread_loaf,5,10005,take the loaf of bread and drop it in the basket,0.0,0.0,0.006437128844479369,0.006437128844479369,0.006437128844479369,,1,1,0.1748724917710561,0.0300828915935049,0.5013604910650873
baseline,bread_loaf,6,10006,take the loaf of bread and drop it in the basket,0.0,0.0,0.006415590260567688,0.006415590260567688,0.006415590260567688,,1,1,0.19333942358221445,0.020260638266381078,0.5012863464007813
baseline,bread_loaf,7,10007,pick up the loaf of bread and place it in the basket,0.0,0.0,0.0030184820181856486,0.0030184820181856486,0.0030184820181856486,,1,1,0.21728943137466974,0.06530181118785719,0.4980232697720315
baseline,bread_loaf,8,10008,take the loaf of bread and drop it in the basket,0.0,0.0,-0.00017791838745461093,0.00017791838745461093,0.00017791838745461093,,1,0,0.12865670945619187,0.08402409613307807,0.5066934332223718
baseline,bread_loaf,9,10009,collect the loaf of bread and place it in the basket,0.0,0.0,0.006895998532931872,0.006895998532931872,0.006895998532931872,,1,1,0.22078734239344314,0.01818862453442291,0.5012724032995192
baseline,bread_loaf,10,10010,put the loaf of bread into the basket,0.0,0.0,0.0023576296765223017,0.0023576296765223017,0.0023576296765223017,,1,1,0.1617495794819179,0.032397429348841426,0.5013720963201604
baseline,bread_loaf,11,10011,collect the loaf of bread and place it in the basket,0.0,0.0,0.0004607794399065987,0.0004607794399065987,0.0004607794399065987,,1,1,0.21509162497390424,0.030703431749745932,0.5012727759839846
swap,milk_carton,0,7100,pick the milk carton off the shelf and put it in the basket,-0.26,0.0,-0.241256913441056,0.241256913441056,0.018743086558944022,trained,0,0,0.8799421296131555,7.529646836698261e-05,1.081055436485903
swap,milk_carton,1,7101,pick the milk carton off the shelf and put it in the basket,-0.26,0.0,-0.22309471833391728,0.22309471833391728,0.03690528166608273,trained,0,0,0.8799352723801432,7.345332616551459e-05,1.081057600351252
swap,milk_carton,2,7102,pick up the milk carton and place it in the basket,-0.26,0.0,-0.2255229066771544,0.2255229066771544,0.0344770933228456,trained,0,0,0.8799404535410028,7.617054246911883e-05,1.0810567203998036
swap,milk_carton,3,7103,grab the milk carton and put it in the basket,-0.26,0.0,-0.2274415740432077,0.2274415740432077,0.032558425956792314,trained,0,0,0.8799423059194811,7.317455610085269e-05,1.08105584848827
swap,milk_carton,4,7104,grab the milk carton and put it in the basket,-0.26,0.0,-0.2429622097176381,0.2429622097176381,0.01703779028236191,trained,0,0,0.8799352806162514,7.462670770483702e-05,1.0810580012717532
swap,milk_carton,5,7105,pick up the milk carton and place it in the basket,-0.26,0.0,-0.2274147168951074,0.2274147168951074,0.032585283104892615,trained,0,0,0.8799338048853426,7.04726997925967e-05,1.0810577059570263
swap,milk_carton,6,7106,take the milk carton and drop it in the basket,-0.26,0.0,-0.2309236472711502,0.2309236472711502,0.029076352728849814,trained,0,0,0.8799353009819797,7.310504227951107e-05,1.0810580955582134
swap,milk_carton,7,7107,pick the milk carton off the shelf and put it in the basket,-0.26,0.0,-0.23433836941210084,0.23433836941210084,0.025661630587899165,trained,0,0,0.8799333111505138,7.31800078875331e-05,1.0810578050197397
swap,milk_carton,8,7108,collect the milk carton and place it in the basket,-0.26,0.0,-0.24599220291962848,0.24599220291962848,0.014007797080371531,trained,0,0,0.8799393454408424,7.6133391614371e-05,1.0810577344368175
swap,milk_carton,9,7109,put the milk carton into the basket,-0.26,0.0,-0.2416925486755912,0.2416925486755912,0.018307451324408808,trained,0,0,0.879933693629202,7.201908619467361e-05,1.0810576367717013
swap,milk_carton,10,7110,grab the milk carton and put it in the basket,-0.26,0.0,-0.23903713945547894,0.23903713945547894,0.020962860544521067,trained,0,0,0.8799377214547915,6.986924382478536e-05,1.0810552509352913
swap,milk_carton,11,7111,grab the milk carton and put it in the basket,-0.26,0.0,-0.2444115589406358,0.2444115589406358,0.015588441059364216,trained,0,0,0.8799418736848639,7.727791357507383e-05,1.081056408943863
swap,bread_loaf,0,8100,collect the loaf of bread and place it in the basket,0.0,-0.26,0.003322184974512758,0.26332218497451276,0.003322184974512758,trained,0,0,0.8800000000542697,-0.26,1.0432502980288991
swap,bread_loaf,1,8101,put the loaf of bread into the basket,0.0,-0.26,0.0034007979105495916,0.2634007979105496,0.0034007979105495916,trained,0,0,0.8800000000542698,-0.26,1.0432502980288991
swap,bread_loaf,2,8102,take the loaf of bread and drop it in the basket,0.0,-0.26,0.00531508183274562,0.2653150818327456,0.00531508183274562,trained,0,0,0.8800000000542699,-0.26,1.0432502980288991
swap,bread_loaf,3,8103,collect the loaf of bread and place it in the basket,0.0,-0.26,-0.0016366949984012932,0.2583633050015987,0.0016366949984012932,trained,0,0,0.8800000000542697,-0.26,1.0432502980288991
swap,bread_loaf,4,8104,put the loaf of bread into the basket,0.0,-0.26,0.0002437145055785581,0.2602437145055786,0.0002437145055785581,trained,0,0,0.8800000000542698,-0.26,1.0432502980288991
swap,bread_loaf,5,8105,collect the loaf of bread and place it in the basket,0.0,-0.26,0.02777893009095879,0.2877789300909588,0.02777893009095879,trained,0,0,0.8800000000542698,-0.26,1.0432502980288991
swap,bread_loaf,6,8106,pick up the loaf of bread and place it in the basket,0.0,-0.26,0.007667006540579351,0.26766700654057934,0.007667006540579351,trained,0,0,0.8800000000542698,-0.26,1.0432502980288991
swap,bread_loaf,7,8107,pick the loaf of bread off the shelf and put it in the basket,0.0,-0.26,0.000455202289123921,0.26045520228912394,0.000455202289123921,trained,0,0,0.8800000000542693,-0.26,1.0432502980288991
swap,bread_loaf,8,8108,take the loaf of bread and drop it in the basket,0.0,-0.26,-0.011572066042334649,0.24842793395766535,0.011572066042334649,trained,0,0,0.8800000000542701,-0.26,1.0432502980288991
swap,bread_loaf,9,8109,collect the loaf of bread and place it in the basket,0.0,-0.26,0.0035132570419679973,0.263513257041968,0.0035132570419679973,trained,0,0,0.8800000000542699,-0.26,1.0432502980288991
swap,bread_loaf,10,8110,grab the loaf of bread and put it in the basket,0.0,-0.26,-0.002773279865676649,0.25722672013432335,0.002773279865676649,trained,0,0,0.8800000000542698,-0.26,1.0432502980288991
swap,bread_loaf,11,8111,put the loaf of bread into the basket,0.0,-0.26,0.009355351194555736,0.2693553511945557,0.009355351194555736,trained,0,0,0.8800000000542697,-0.26,1.0432502980288991
unseen-0.20,cola_can,0,7200,grab the can of cola and put it in the basket,-0.13,-0.2,-0.10848803939004205,0.09151196060995796,0.021511960609957956,trained,0,0,0.8800137961583878,-0.20006013580682552,1.0603308849262274
unseen-0.20,cola_can,1,7201,collect the can of cola and place it in the basket,-0.13,-0.2,-0.12605554565663252,0.0739444543433675,0.003944454343367487,trained,0,0,0.8800137961583877,-0.20006013580682566,1.0603308849262274
unseen-0.20,cola_can,2,7202,grab the can of cola and put it in the basket,-0.13,-0.2,-0.12339474633430153,0.07660525366569848,0.006605253665698474,trained,0,0,0.8800137961583874,-0.20006013580682552,1.0603308849262274
unseen-0.20,cola_can,3,7203,grab the can of cola and put it in the basket,-0.13,-0.2,-0.10867318980268395,0.09132681019731606,0.021326810197316054,trained,0,0,0.8800137961583879,-0.20006013580682566,1.0603308849262274
unseen-0.20,cola_can,4,7204,collect the can of cola and place it in the basket,-0.13,-0.2,-0.11399330269436234,0.08600669730563767,0.016006697305637668,trained,0,0,0.8800137961583878,-0.2000601358068257,1.0603308849262274
unseen-0.20,cola_can,5,7205,collect the can of cola and place it in the basket,-0.13,-0.2,-0.11415788210667291,0.0858421178933271,0.015842117893327096,trained,0,0,0.880013796158388,-0.20006013580682547,1.0603308849262274
unseen-0.20,cola_can,6,7206,grab the can of cola and put it in the basket,-0.13,-0.2,-0.11478482718163133,0.08521517281836868,0.015215172818368677,trained,0,0,0.8800137961583875,-0.2000601358068255,1.0603308849262274
unseen-0.20,cola_can,7,7207,pick up the can of cola and place it in the basket,-0.13,-0.2,-0.11559643989714904,0.08440356010285097,0.01440356010285096,trained,0,0,0.8800137961583874,-0.2000601358068255,1.0603308849262274
unseen-0.20,cola_can,8,7208,put the can of cola into the basket,-0.13,-0.2,-0.11845777030047534,0.08154222969952467,0.011542229699524661,trained,0,0,0.8800137961583876,-0.2000601358068256,1.0603308849262274
unseen-0.20,cola_can,9,7209,put the can of cola into the basket,-0.13,-0.2,-0.12583217710866385,0.07416782289133617,0.004167822891336159,trained,0,0,0.8800137961583876,-0.2000601358068255,1.0603308849262274
unseen-0.20,cola_can,10,7210,put the can of cola into the basket,-0.13,-0.2,-0.12171971568092074,0.07828028431907927,0.008280284319079262,trained,0,0,0.8800137961583878,-0.20006013580682552,1.0603308849262274
unseen-0.20,cola_can,11,7211,take the can of cola and drop it in the basket,-0.13,-0.2,-0.12126219886125215,0.07873780113874786,0.00873780113874785,trained,0,0,0.8800137961583879,-0.2000601358068254,1.0603308849262274
unseen-0.20,water_bottle,0,7200,grab the water bottle and put it in the basket,0.34,-0.2,0.32628680439181407,0.5262868043918141,0.013713195608185957,trained,0,0,0.8799001300820983,-0.1999836089532657,1.0848957958330945
unseen-0.20,water_bottle,1,7201,collect the water bottle and place it in the basket,0.34,-0.2,0.30315636464722207,0.5031563646472221,0.03684363535277796,trained,0,0,0.8799001300820982,-0.1999836089532657,1.0848957958330945
unseen-0.20,water_bottle,2,7202,grab the water bottle and put it in the basket,0.34,-0.2,0.3090306981863059,0.509030698186306,0.030969301813694117,trained,0,0,0.8799001300820987,-0.1999836089532659,1.0848957958330945
unseen-0.20,water_bottle,3,7203,grab the water bottle and put it in the basket,0.34,-0.2,0.32477532089383665,0.5247753208938366,0.015224679106163375,trained,0,0,0.8799001300820983,-0.1999836089532657,1.0848957958330945
unseen-0.20,water_bottle,4,7204,collect the water bottle and place it in the basket,0.34,-0.2,0.3128370518061102,0.5128370518061103,0.027162948193889813,trained,0,0,0.8799001300820984,-0.19998360895326595,1.0848957958330945
unseen-0.20,water_bottle,5,7205,collect the water bottle and place it in the basket,0.34,-0.2,0.3170121319601489,0.5170121319601488,0.022987868039851145,trained,0,0,0.8799001300820983,-0.19998360895326575,1.0848957958330945
unseen-0.20,water_bottle,6,7206,grab the water bottle and put it in the basket,0.34,-0.2,0.31581114889934947,0.5158111488993495,0.024188851100650555,trained,0,0,0.879900130082098,-0.19998360895326572,1.0848957958330945
unseen-0.20,water_bottle,7,7207,pick up the water bottle and place it in the basket,0.34,-0.2,0.32716512215527105,0.5271651221552711,0.012834877844728976,trained,0,0,0.8799001300820983,-0.19998360895326575,1.0848957958330945
unseen-0.20,water_bottle,8,7208,put the water bottle into the basket,0.34,-0.2,0.3240612237716539,0.524061223771654,0.015938776228346108,trained,0,0,0.8799001300820982,-0.19998360895326572,1.0848957958330945
unseen-0.20,water_bottle,9,7209,put the water bottle into the basket,0.34,-0.2,0.3212122906006804,0.5212122906006804,0.01878770939931962,trained,0,0,0.8799001300820981,-0.19998360895326564,1.0848957958330945
unseen-0.20,water_bottle,10,7210,put the water bottle into the basket,0.34,-0.2,0.32415908317498093,0.5241590831749809,0.01584091682501909,trained,0,0,0.8799001300820979,-0.1999836089532659,1.0848957958330945
unseen-0.20,water_bottle,11,7211,take the water bottle and drop it in the basket,0.34,-0.2,0.3110365922799691,0.5110365922799691,0.02896340772003092,trained,0,0,0.8799001300820982,-0.1999836089532658,1.0848957958330945
unseen-0.20,milk_carton,0,7200,grab the milk carton and put it in the basket,-0.26,-0.2,-0.2410626046004074,0.04106260460040739,0.018937395399592605,trained,1,1,0.27635277392067986,0.06186517026944156,0.5315305307322786
unseen-0.20,milk_carton,1,7201,collect the milk carton and place it in the basket,-0.26,-0.2,-0.2533921910469329,0.05339219104693288,0.006607808953067118,trained,0,0,0.8799391665730275,-0.19992489461378868,1.081057491859392
unseen-0.20,milk_carton,2,7202,grab the milk carton and put it in the basket,-0.26,-0.2,-0.24890578336378472,0.048905783363784705,0.011094216636215293,trained,0,0,0.8799337145288423,-0.19992768501607247,1.0810576951543052
unseen-0.20,milk_carton,3,7203,grab the milk carton and put it in the basket,-0.26,-0.2,-0.23718858553508806,0.03718858553508805,0.022811414464911944,trained,0,0,0.8788993698159915,-0.1993048944859056,1.0810569988738925
unseen-0.20,milk_carton,4,7204,collect the milk carton and place it in the basket,-0.26,-0.2,-0.24618015216901706,0.04618015216901705,0.013819847830982945,trained,0,0,0.8781824686395051,-0.19741703906371183,1.0810563474020813
unseen-0.20,milk_carton,5,7205,collect the milk carton and place it in the basket,-0.26,-0.2,-0.24724577449357138,0.04724577449357137,0.01275422550642863,trained,0,0,0.8810553551763893,-0.20001784322894803,1.0810558939535266
unseen-0.20,milk_carton,6,7206,grab the milk carton and put it in the basket,-0.26,-0.2,-0.2488487990246584,0.048848799024658385,0.011151200975341613,trained,0,0,0.8797902748195604,-0.19919461111451048,1.0810577099168346
unseen-0.20,milk_carton,7,7207,pick up the milk carton and place it in the basket,-0.26,-0.2,-0.24538092591905497,0.04538092591905496,0.014619074080945038,trained,1,0,0.4268691732335683,0.6401620778064652,0.019857490008917435
unseen-0.20,milk_carton,8,7208,put the milk carton into the basket,-0.26,-0.2,-0.24992448233071451,0.049924482330714504,0.010075517669285494,trained,0,0,0.8792607431446752,-0.19890253976403297,1.0810563845869494
unseen-0.20,milk_carton,9,7209,put the milk carton into the basket,-0.26,-0.2,-0.250054822528552,0.05005482252855198,0.009945177471448019,trained,0,0,0.8799418122012937,-0.19992384086323065,1.0810570770560286
unseen-0.20,milk_carton,10,7210,put the milk carton into the basket,-0.26,-0.2,-0.2541966777579807,0.054196677757980705,0.005803322242019293,trained,0,0,0.8980482348206229,-0.17930398133828251,1.0810558461453528
unseen-0.20,milk_carton,11,7211,take the milk carton and drop it in the basket,-0.26,-0.2,-0.24836017695044443,0.04836017695044442,0.011639823049555575,trained,0,0,0.8799200657152113,-0.19891290850285,1.0810566012884655
unseen-0.20,bread_loaf,0,7200,grab the loaf of bread and put it in the basket,0.0,-0.2,0.005183482145034432,0.20518348214503446,0.005183482145034432,trained,0,0,0.8800000000542699,-0.2,1.0432502980288991
unseen-0.20,bread_loaf,1,7201,collect the loaf of bread and place it in the basket,0.0,-0.2,-0.009151123475270551,0.19084887652472945,0.009151123475270551,trained,0,0,0.8800000000542693,-0.2,1.0432502980288991
unseen-0.20,bread_loaf,2,7202,grab the loaf of bread and put it in the basket,0.0,-0.2,-0.0076824109559680415,0.19231758904403196,0.0076824109559680415,trained,0,0,0.8800000000542691,-0.2,1.0432502980288991
unseen-0.20,bread_loaf,3,7203,grab the loaf of bread and put it in the basket,0.0,-0.2,0.004350313097086397,0.2043503130970864,0.004350313097086397,trained,0,0,0.8800000000542693,-0.2,1.0432502980288991
unseen-0.20,bread_loaf,4,7204,collect the loaf of bread and place it in the basket,0.0,-0.2,0.0007955224464863409,0.20079552244648635,0.0007955224464863409,trained,0,0,0.8800000000542694,-0.2,1.0432502980288991
unseen-0.20,bread_loaf,5,7205,collect the loaf of bread and place it in the basket,0.0,-0.2,4.907897342152278e-05,0.20004907897342153,4.907897342152278e-05,trained,0,0,0.8800000000542703,-0.2,1.0432502980288991
unseen-0.20,bread_loaf,6,7206,grab the loaf of bread and put it in the basket,0.0,-0.2,-0.0016099506637145477,0.19839004933628546,0.0016099506637145477,trained,0,0,0.8800000000542699,-0.2,1.0432502980288991
unseen-0.20,bread_loaf,7,7207,pick up the loaf of bread and place it in the basket,0.0,-0.2,-0.0025072527989309086,0.1974927472010691,0.0025072527989309086,trained,0,0,0.8800000000542699,-0.2,1.0432502980288991
unseen-0.20,bread_loaf,8,7208,put the loaf of bread into the basket,0.0,-0.2,-0.002500274796236232,0.19749972520376377,0.002500274796236232,trained,0,0,0.8800000000542696,-0.2,1.0432502980288991
unseen-0.20,bread_loaf,9,7209,put the loaf of bread into the basket,0.0,-0.2,-0.004897979821361705,0.1951020201786383,0.004897979821361705,trained,0,0,0.8800000000542698,-0.2,1.0432502980288991
unseen-0.20,bread_loaf,10,7210,put the loaf of bread into the basket,0.0,-0.2,-0.0033911369800710346,0.19660886301992897,0.0033911369800710346,trained,0,0,0.8800000000542698,-0.2,1.0432502980288991
unseen-0.20,bread_loaf,11,7211,take the loaf of bread and drop it in the basket,0.0,-0.2,-0.003413724967369561,0.19658627503263046,0.003413724967369561,trained,0,0,0.8800000000542696,-0.2,1.0432502980288991
unseen-0.06,cola_can,0,7210,put the can of cola into the basket,-0.13,-0.06,-0.12435848876428851,0.06435848876428851,0.005641511235711494,trained,0,0,0.8800137961583879,-0.060060135806825614,1.0603308849262274
unseen-0.06,cola_can,1,7211,take the can of cola and drop it in the basket,-0.13,-0.06,-0.12425916234982437,0.06425916234982437,0.005740837650175634,trained,0,0,0.8800137961583875,-0.060060135806825704,1.0603308849262274
unseen-0.06,cola_can,2,7212,take the can of cola and drop it in the basket,-0.13,-0.06,-0.11286799872426956,0.05286799872426956,0.017132001275730446,trained,0,0,0.8800137961583877,-0.06006013580682573,1.0603308849262274
unseen-0.06,cola_can,3,7213,grab the can of cola and put it in the basket,-0.13,-0.06,-0.12449230967538585,0.06449230967538586,0.005507690324614151,trained,0,0,0.8800137961583876,-0.0600601358068257,1.0603308849262274
unseen-0.06,cola_can,4,7214,pick the can of cola off the shelf and put it in the basket,-0.13,-0.06,-0.11357222072928823,0.05357222072928823,0.016427779270711776,trained,0,0,0.8800137961583877,-0.06006013580682568,1.0603308849262274
unseen-0.06,cola_can,5,7215,grab the can of cola and put it in the basket,-0.13,-0.06,-0.11345948335400799,0.05345948335400799,0.016540516645992015,trained,0,0,0.8800137961583873,-0.06006013580682573,1.0603308849262274
unseen-0.06,cola_can,6,7216,put the can of cola into the basket,-0.13,-0.06,-0.11690721682419333,0.056907216824193335,0.013092783175806672,trained,0,0,0.8800137961583874,-0.0600601358068257,1.0603308849262274
unseen-0.06,cola_can,7,7217,pick up the can of cola and place it in the basket,-0.13,-0.06,-0.12172863537546075,0.06172863537546075,0.008271364624539257,trained,0,0,0.8800137961583874,-0.060060135806825725,1.0603308849262274
unseen-0.06,cola_can,8,7218,take the can of cola and drop it in the basket,-0.13,-0.06,-0.11562995704633233,0.055629957046332335,0.014370042953667672,trained,0,0,0.8800137961583878,-0.06006013580682568,1.0603308849262274
unseen-0.06,cola_can,9,7219,pick the can of cola off the shelf and put it in the basket,-0.13,-0.06,-0.12372698343416051,0.06372698343416051,0.006273016565839493,trained,0,0,0.8800137961583876,-0.060060135806825704,1.0603308849262274
unseen-0.06,cola_can,10,7220,take the can of cola and drop it in the basket,-0.13,-0.06,-0.10981023585070802,0.049810235850708026,0.02018976414929198,trained,0,0,0.880013796158388,-0.0600601358068256,1.0603308849262274
unseen-0.06,cola_can,11,7221,grab the can of cola and put it in the basket,-0.13,-0.06,-0.10849399373120504,0.04849399373120504,0.021506006268794967,trained,0,0,0.8800137961583877,-0.0600601358068256,1.0603308849262274
unseen-0.06,water_bottle,0,7210,put the water bottle into the basket,0.34,-0.06,0.3187400345656899,0.3787400345656899,0.021259965434310135,trained,0,0,0.8798920536344154,-0.05998957807060826,1.0848975559425282
unseen-0.06,water_bottle,1,7211,take the water bottle and drop it in the basket,0.34,-0.06,0.3057874030527215,0.3657874030527215,0.03421259694727852,trained,0,0,0.8799001279207829,-0.059983607435795464,1.0848957964306631
unseen-0.06,water_bottle,2,7212,take the water bottle and drop it in the basket,0.34,-0.06,0.3160734505504157,0.3760734505504157,0.023926549449584333,trained,0,0,0.8780788324678085,-0.06361780208496666,1.0848934798116274
unseen-0.06,water_bottle,3,7213,grab the water bottle and put it in the basket,0.34,-0.06,0.30406521041499923,0.36406521041499923,0.03593478958500079,trained,0,0,0.8132984908826257,0.01660968224569383,1.0456566830514609
unseen-0.06,water_bottle,4,7214,pick the water bottle off the shelf and put it in the basket,0.34,-0.06,0.32022289193734604,0.38022289193734604,0.01977710806265398,trained,0,0,0.863629363806002,-0.03629265328359133,1.0895363167418735
unseen-0.06,water_bottle,5,7215,grab the water bottle and put it in the basket,0.34,-0.06,0.31714215578164895,0.37714215578164895,0.022857844218351075,trained,0,0,0.8784905379058587,-0.06144354890672379,1.0848966554944028
unseen-0.06,water_bottle,6,7216,put the water bottle into the basket,0.34,-0.06,0.3151283963421355,0.3751283963421355,0.024871603657864505,trained,0,0,0.8685186940547505,-0.04045522305403819,1.0894778047596199
unseen-0.06,water_bottle,7,7217,pick up the water bottle and place it in the basket,0.34,-0.06,0.3088085870104551,0.3688085870104551,0.03119141298954492,trained,0,0,0.7911638354228054,0.03621035316695494,1.0456524457900258
unseen-0.06,water_bottle,8,7218,take the water bottle and drop it in the basket,0.34,-0.06,0.3176926891069954,0.3776926891069954,0.02230731089300464,trained,0,0,0.8779420418175413,-0.06475149344638062,1.084897941929591
unseen-0.06,water_bottle,9,7219,pick the water bottle off the shelf and put it in the basket,0.34,-0.06,0.2971439193956387,0.3571439193956387,0.0428560806043613,trained,0,0,0.8799001149933864,-0.05998360671715106,1.0848958011913565
unseen-0.06,water_bottle,10,7220,take the water bottle and drop it in the basket,0.34,-0.06,0.31405597432797794,0.37405597432797794,0.025944025672022086,trained,0,0,0.8786292892932787,-0.06096327331459739,1.084896627765303
unseen-0.06,water_bottle,11,7221,grab the water bottle and put it in the basket,0.34,-0.06,0.3256170109196502,0.38561701091965017,0.01438298908034985,trained,0,0,0.8773247899163595,-0.06939949914952573,1.0848971048694493
unseen-0.06,milk_carton,0,7210,put the milk carton into the basket,-0.26,-0.06,-0.2439724293656752,0.1839724293656752,0.016027570634324806,trained,0,0,0.8799361681029626,-0.05992939301126468,1.081056066155961
unseen-0.06,milk_carton,1,7211,take the milk carton and drop it in the basket,-0.26,-0.06,-0.2405777432427278,0.1805777432427278,0.019422256757272216,trained,0,0,0.8799389701790343,-0.05992289324801446,1.0810567877131843
unseen-0.06,milk_carton,2,7212,take the milk carton and drop it in the basket,-0.26,-0.06,-0.2278985248301274,0.1678985248301274,0.032101475169872606,trained,0,0,0.8799335681742867,-0.05992934797285594,1.0810577042851721
unseen-0.06,milk_carton,3,7213,grab the milk carton and put it in the basket,-0.26,-0.06,-0.24943410153739842,0.18943410153739842,0.010565898462601586,trained,0,0,0.8799418689489265,-0.059925983707993215,1.081055519129764
unseen-0.06,milk_carton,4,7214,pick the milk carton off the shelf and put it in the basket,-0.26,-0.06,-0.23840176117888728,0.17840176117888729,0.021598238821112725,trained,0,0,0.8799395227306589,-0.05992367050758757,1.0810569377874872
unseen-0.06,milk_carton,5,7215,grab the milk carton and put it in the basket,-0.26,-0.06,-0.23678679664652807,0.17678679664652808,0.023213203353471934,trained,0,0,0.8799384413203388,-0.059923476475200695,1.0810572949926975
unseen-0.06,milk_carton,6,7216,put the milk carton into the basket,-0.26,-0.06,-0.23414145255682742,0.17414145255682742,0.02585854744317259,trained,0,0,0.8799333025682626,-0.05992666198422868,1.0810573768968759
unseen-0.06,milk_carton,7,7217,pick up the milk carton and place it in the basket,-0.26,-0.06,-0.242205984797099,0.182205984797099,0.017794015202900998,trained,0,0,0.8799390030873797,-0.05992581003925975,1.0810570146718048
unseen-0.06,milk_carton,8,7218,take the milk carton and drop it in the basket,-0.26,-0.06,-0.2327802656135839,0.1727802656135839,0.027219734386416117,trained,0,0,0.8799335620482905,-0.05992758300310982,1.081058191176927
unseen-0.06,milk_carton,9,7219,pick the milk carton off the shelf and put it in the basket,-0.26,-0.06,-0.24678310454446928,0.18678310454446928,0.01321689545553073,trained,0,0,0.8799391385186415,-0.05992465300128589,1.0810575100112465
unseen-0.06,milk_carton,10,7220,take the milk carton and drop it in the basket,-0.26,-0.06,-0.2277714141282457,0.1677714141282457,0.03222858587175431,trained,0,0,0.8799374731138653,-0.05992768343526091,1.0810563564288025
unseen-0.06,milk_carton,11,7221,grab the milk carton and put it in the basket,-0.26,-0.06,-0.23099287918271066,0.17099287918271067,0.029007120817289345,trained,0,0,0.8799385123829228,-0.059931628359562006,1.0810555517797533
unseen-0.06,bread_loaf,0,7210,put the loaf of bread into the basket,0.0,-0.06,-0.0020827995421292987,0.0579172004578707,0.0020827995421292987,trained,0,0,0.8800000000542696,-0.06,1.0432502980288991
unseen-0.06,bread_loaf,1,7211,take the loaf of bread and drop it in the basket,0.0,-0.06,-0.0033976184607596824,0.05660238153924031,0.0033976184607596824,trained,0,0,0.8800000000542699,-0.06,1.0432502980288991
unseen-0.06,bread_loaf,2,7212,take the loaf of bread and drop it in the basket,0.0,-0.06,0.006572103628355137,0.06657210362835514,0.006572103628355137,trained,0,0,0.8800000000542705,-0.06,1.0432502980288991
unseen-0.06,bread_loaf,3,7213,grab the loaf of bread and put it in the basket,0.0,-0.06,-0.005077700436956415,0.054922299563043585,0.005077700436956415,trained,0,0,0.8800000000542699,-0.06,1.0432502980288991
unseen-0.06,bread_loaf,4,7214,pick the loaf of bread off the shelf and put it in the basket,0.0,-0.06,0.002759973936632548,0.06275997393663255,0.002759973936632548,trained,0,0,0.8800000000542701,-0.06,1.0432502980288991
unseen-0.06,bread_loaf,5,7215,grab the loaf of bread and put it in the basket,0.0,-0.06,0.004807627776770483,0.06480762777677049,0.004807627776770483,trained,0,0,0.8800000000542697,-0.06,1.0432502980288991
unseen-0.06,bread_loaf,6,7216,put the loaf of bread into the basket,0.0,-0.06,0.0004998600964789097,0.06049986009647891,0.0004998600964789097,trained,0,0,0.8800000000542701,-0.06,1.0432502980288991
unseen-0.06,bread_loaf,7,7217,pick up the loaf of bread and place it in the basket,0.0,-0.06,-0.005716041618509479,0.05428395838149052,0.005716041618509479,trained,0,0,0.8800000000542698,-0.06,1.0432502980288991
unseen-0.06,bread_loaf,8,7218,take the loaf of bread and drop it in the basket,0.0,-0.06,0.006133177007626058,0.06613317700762605,0.006133177007626058,trained,0,0,0.8800000000542698,-0.06,1.0432502980288991
unseen-0.06,bread_loaf,9,7219,pick the loaf of bread off the shelf and put it in the basket,0.0,-0.06,-0.010322234185995573,0.049677765814004425,0.010322234185995573,trained,0,0,0.8800000000542695,-0.06,1.0432502980288991
unseen-0.06,bread_loaf,10,7220,take the loaf of bread and drop it in the basket,0.0,-0.06,0.009866919825814512,0.06986691982581451,0.009866919825814512,trained,0,0,0.88000000005427,-0.06,1.0432502980288991
unseen-0.06,bread_loaf,11,7221,grab the loaf of bread and put it in the basket,0.0,-0.06,0.00791391639551685,0.06791391639551685,0.00791391639551685,trained,0,0,0.8800000000542695,-0.06,1.0432502980288991
unseen+0.08,cola_can,0,7220,take the can of cola and drop it in the basket,-0.13,0.08,-0.11108778320186095,0.19108778320186096,0.01891221679813905,trained,0,0,0.880013796158342,0.07993986419359798,1.060330884925987
unseen+0.08,cola_can,1,7221,grab the can of cola and put it in the basket,-0.13,0.08,-0.1103572771414775,0.1903572771414775,0.019642722858522504,trained,0,0,0.8800137961583416,0.07993986419359796,1.060330884925987
unseen+0.08,cola_can,2,7222,pick the can of cola off the shelf and put it in the basket,-0.13,0.08,-0.12157958687641013,0.20157958687641014,0.008420413123589876,trained,0,0,0.8800137961583416,0.07993986419359803,1.060330884925987
unseen+0.08,cola_can,3,7223,put the can of cola into the basket,-0.13,0.08,-0.12141889349438345,0.20141889349438347,0.008581106505616554,trained,0,0,0.8800137961583422,0.07993986419359794,1.060330884925987
unseen+0.08,cola_can,4,7224,take the can of cola and drop it in the basket,-0.13,0.08,-0.12024681361483976,0.20024681361483976,0.009753186385160248,trained,0,0,0.8800137961583414,0.07993986419359798,1.060330884925987
unseen+0.08,cola_can,5,7225,take the can of cola and drop it in the basket,-0.13,0.08,-0.12410465665180008,0.20410465665180008,0.0058953433481999246,trained,0,0,0.8800137961583416,0.07993986419359791,1.060330884925987
unseen+0.08,cola_can,6,7226,collect the can of cola and place it in the basket,-0.13,0.08,-0.11504363502605064,0.19504363502605065,0.014956364973949365,trained,0,0,0.8800137961583415,0.079939864193598,1.060330884925987
unseen+0.08,cola_can,7,7227,take the can of cola and drop it in the basket,-0.13,0.08,-0.11556139740017923,0.19556139740017925,0.014438602599820771,trained,0,0,0.8800137961583417,0.07993986419359796,1.060330884925987
unseen+0.08,cola_can,8,7228,pick the can of cola off the shelf and put it in the basket,-0.13,0.08,-0.11587298319521143,0.19587298319521143,0.014127016804788575,trained,0,0,0.8800137961583417,0.07993986419359798,1.060330884925987
unseen+0.08,cola_can,9,7229,pick up the can of cola and place it in the basket,-0.13,0.08,-0.1112323723203194,0.19123237232031942,0.0187676276796806,trained,0,0,0.8800137961583416,0.07993986419359801,1.060330884925987
unseen+0.08,cola_can,10,7230,pick the can of cola off the shelf and put it in the basket,-0.13,0.08,-0.12505395059222552,0.20505395059222553,0.004946049407774489,trained,0,0,0.8800137961583416,0.0799398641935979,1.060330884925987
unseen+0.08,cola_can,11,7231,collect the can of cola and place it in the basket,-0.13,0.08,-0.11792183991974589,0.19792183991974588,0.012078160080254113,trained,0,0,0.8800137961583415,0.07993986419359803,1.060330884925987
unseen+0.08,water_bottle,0,7220,take the water bottle and drop it in the basket,0.34,0.08,0.3168439373029898,0.2368439373029898,0.023156062697010205,trained,0,0,0.8799001300820974,0.08001639104673577,1.0848957958330947
unseen+0.08,water_bottle,1,7221,grab the water bottle and put it in the basket,0.34,0.08,0.3293636235594363,0.2493636235594363,0.0106363764405637,trained,0,0,0.8799001300820978,0.08001639104673597,1.0848957958330947
unseen+0.08,water_bottle,2,7222,pick the water bottle off the shelf and put it in the basket,0.34,0.08,0.3082232217107298,0.22822322171072978,0.031776778289270224,trained,0,0,0.8799001300820974,0.08001639104673595,1.0848957958330947
unseen+0.08,water_bottle,3,7223,put the water bottle into the basket,0.34,0.08,0.31702238081709966,0.23702238081709964,0.022977619182900366,trained,0,0,0.8796994178444013,0.08022115781716084,1.0848942309393097
unseen+0.08,water_bottle,4,7224,take the water bottle and drop it in the basket,0.34,0.08,0.31237154593893174,0.23237154593893172,0.027628454061068286,trained,0,0,0.879900130082098,0.08001639104673598,1.0848957958330947
unseen+0.08,water_bottle,5,7225,take the water bottle and drop it in the basket,0.34,0.08,0.3114141554775599,0.2314141554775599,0.028585844522440118,trained,0,0,0.8799001300820974,0.08001639104673577,1.0848957958330947
unseen+0.08,water_bottle,6,7226,collect the water bottle and place it in the basket,0.34,0.08,0.3230600584492086,0.24306005844920858,0.016939941550791426,trained,0,0,0.8799001300820976,0.08001639104673582,1.0848957958330947
unseen+0.08,water_bottle,7,7227,take the water bottle and drop it in the basket,0.34,0.08,0.326501008673297,0.246501008673297,0.013498991326703014,trained,0,0,0.8799001300820978,0.08001639104673587,1.0848957958330947
unseen+0.08,water_bottle,8,7228,pick the water bottle off the shelf and put it in the basket,0.34,0.08,0.3183558797871474,0.2383558797871474,0.021644120212852613,trained,0,0,0.8799001300820974,0.08001639104673589,1.0848957958330947
unseen+0.08,water_bottle,9,7229,pick up the water bottle and place it in the basket,0.34,0.08,0.3263263457157505,0.24632634571575046,0.013673654284249548,trained,0,0,0.8799001300820974,0.08001639104673576,1.0848957958330947
unseen+0.08,water_bottle,10,7230,pick the water bottle off the shelf and put it in the basket,0.34,0.08,0.3102849544582852,0.23028495445828517,0.029715045541714835,trained,0,0,0.8799001300820976,0.08001639104673584,1.0848957958330947
unseen+0.08,water_bottle,11,7231,collect the water bottle and place it in the basket,0.34,0.08,0.3133906317954219,0.2333906317954219,0.0266093682045781,trained,0,0,0.8799885711521566,0.08039013007311194,1.0848971386036323
unseen+0.08,milk_carton,0,7220,take the milk carton and drop it in the basket,-0.26,0.08,-0.22830142623007063,0.3083014262300706,0.03169857376992938,trained,0,0,0.8799378080270375,0.08006790765234474,1.0810556413535375
unseen+0.08,milk_carton,1,7221,grab the milk carton and put it in the basket,-0.26,0.08,-0.23094759828423284,0.31094759828423285,0.029052401715767173,trained,0,0,0.8799358600787782,0.08007008321292361,1.0810554271878483
unseen+0.08,milk_carton,2,7222,pick the milk carton off the shelf and put it in the basket,-0.26,0.08,-0.24746636274335096,0.32746636274335095,0.01253363725664905,trained,0,0,0.8799366561670103,0.08006872817692277,1.0810555880781467
unseen+0.08,milk_carton,3,7223,put the milk carton into the basket,-0.26,0.08,-0.23968813473483563,0.31968813473483565,0.020311865265164375,trained,0,0,0.8799359795248898,0.08007534215182868,1.0810579130633668
unseen+0.08,milk_carton,4,7224,take the milk carton and drop it in the basket,-0.26,0.08,-0.23625912818993033,0.31625912818993035,0.023740871810069675,trained,0,0,0.8799360580910395,0.08007032485041522,1.081056024690521
unseen+0.08,milk_carton,5,7225,take the milk carton and drop it in the basket,-0.26,0.08,-0.24034688111691005,0.32034688111691006,0.01965311888308996,trained,0,0,0.8799336918046908,0.0800706768748086,1.081057117993475
unseen+0.08,milk_carton,6,7226,collect the milk carton and place it in the basket,-0.26,0.08,-0.23786762421390728,0.3178676242139073,0.02213237578609273,trained,0,0,0.879938749375936,0.08007492340578898,1.0810566551888154
unseen+0.08,milk_carton,7,7227,take the milk carton and drop it in the basket,-0.26,0.08,-0.23168035991055497,0.311680359910555,0.028319640089445042,trained,0,0,0.8799358415308233,0.08007472350149009,1.0810578684207475
unseen+0.08,milk_carton,8,7228,pick the milk carton off the shelf and put it in the basket,-0.26,0.08,-0.2395385273597264,0.3195385273597264,0.02046147264027362,trained,0,0,0.8799392444865275,0.0800756459225457,1.0810577930689647
unseen+0.08,milk_carton,9,7229,pick up the milk carton and place it in the basket,-0.26,0.08,-0.22371065430700263,0.3037106543070026,0.03628934569299738,trained,0,0,0.8799392213789186,0.08007457220629162,1.081056976916393
unseen+0.08,milk_carton,10,7230,pick the milk carton off the shelf and put it in the basket,-0.26,0.08,-0.2490783505035461,0.3290783505035461,0.010921649496453911,trained,0,0,0.8799389682714301,0.08007604769321308,1.0810576477722156
unseen+0.08,milk_carton,11,7231,collect the milk carton and place it in the basket,-0.26,0.08,-0.23808258549698638,0.31808258549698637,0.021917414503013627,trained,0,0,0.8799343933733574,0.08007081370960102,1.0810564953622226
unseen+0.08,bread_loaf,0,7220,take the loaf of bread and drop it in the basket,0.0,0.08,0.0089912533741524,0.07100874662584761,0.0089912533741524,trained,0,0,0.8800000000542701,0.08,1.0432502980288991
unseen+0.08,bread_loaf,1,7221,grab the loaf of bread and put it in the basket,0.0,0.08,0.006597991139475593,0.0734020088605244,0.006597991139475593,trained,0,0,0.8800000000542699,0.08,1.0432502980288991
unseen+0.08,bread_loaf,2,7222,pick the loaf of bread off the shelf and put it in the basket,0.0,0.08,-0.004096302265303847,0.08409630226530385,0.004096302265303847,trained,0,0,0.8800000000542696,0.08,1.0432502980288991
unseen+0.08,bread_loaf,3,7223,put the loaf of bread into the basket,0.0,0.08,-0.0008895648026917479,0.08088956480269174,0.0008895648026917479,trained,0,0,0.8800000000542695,0.08,1.0432502980288991
unseen+0.08,bread_loaf,4,7224,take the loaf of bread and drop it in the basket,0.0,0.08,0.0010869637818096565,0.07891303621819035,0.0010869637818096565,trained,0,0,0.8800000000542691,0.08,1.0432502980288991
unseen+0.08,bread_loaf,5,7225,take the loaf of bread and drop it in the basket,0.0,0.08,-0.0018294466656637893,0.08182944666566379,0.0018294466656637893,trained,0,0,0.8800000000542697,0.08,1.0432502980288991
unseen+0.08,bread_loaf,6,7226,collect the loaf of bread and place it in the basket,0.0,0.08,0.0046219472671101165,0.07537805273288989,0.0046219472671101165,trained,0,0,0.8800000000542699,0.08,1.0432502980288991
unseen+0.08,bread_loaf,7,7227,take the loaf of bread and drop it in the basket,0.0,0.08,0.006419002258744158,0.07358099774125584,0.006419002258744158,trained,0,0,0.8800000000542694,0.08,1.0432502980288991
unseen+0.08,bread_loaf,8,7228,pick the loaf of bread off the shelf and put it in the basket,0.0,0.08,-0.001225715567861919,0.08122571556786191,0.001225715567861919,trained,0,0,0.8800000000542695,0.08,1.0432502980288991
unseen+0.08,bread_loaf,9,7229,pick up the loaf of bread and place it in the basket,0.0,0.08,0.005228258345563423,0.07477174165443658,0.005228258345563423,trained,0,0,0.88000000005427,0.08,1.0432502980288991
unseen+0.08,bread_loaf,10,7230,pick the loaf of bread off the shelf and put it in the basket,0.0,0.08,-0.006732796141697254,0.08673279614169725,0.006732796141697254,trained,0,0,0.8800000000542696,0.08,1.0432502980288991
unseen+0.08,bread_loaf,11,7231,collect the loaf of bread and place it in the basket,0.0,0.08,0.00012684412065248115,0.07987315587934753,0.00012684412065248115,trained,0,0,0.8800000000542694,0.08,1.0432502980288991
unseen+0.22,cola_can,0,7230,pick the can of cola off the shelf and put it in the basket,-0.13,0.22,-0.1232973566606983,0.34329735666069827,0.006702643339301706,trained,0,0,0.8800137961583416,0.2199398641935981,1.0603308849259867
unseen+0.22,cola_can,1,7231,collect the can of cola and place it in the basket,-0.13,0.22,-0.11639825953497177,0.33639825953497177,0.01360174046502824,trained,0,0,0.8800137961583417,0.21993986419359815,1.0603308849259867
unseen+0.22,cola_can,2,7232,grab the can of cola and put it in the basket,-0.13,0.22,-0.12466486498060556,0.34466486498060556,0.005335135019394449,trained,0,0,0.8800137961583417,0.21993986419359812,1.0603308849259867
unseen+0.22,cola_can,3,7233,grab the can of cola and put it in the basket,-0.13,0.22,-0.11055549342427395,0.3305554934242739,0.01944450657572605,trained,0,0,0.8800137961583417,0.21993986419359807,1.0603308849259867
unseen+0.22,cola_can,4,7234,take the can of cola and drop it in the basket,-0.13,0.22,-0.10435050965043086,0.3243505096504309,0.02564949034956915,trained,0,0,0.8800137961583416,0.2199398641935981,1.0603308849259867
unseen+0.22,cola_can,5,7235,pick up the can of cola and place it in the basket,-0.13,0.22,-0.11980127481273307,0.3398012748127331,0.01019872518726693,trained,0,0,0.8800137961583417,0.21993986419359804,1.060330884925987
unseen+0.22,cola_can,6,7236,collect the can of cola and place it in the basket,-0.13,0.22,-0.11260777921603649,0.33260777921603646,0.01739222078396352,trained,0,0,0.8800137961583416,0.21993986419359807,1.0603308849259867
unseen+0.22,cola_can,7,7237,collect the can of cola and place it in the basket,-0.13,0.22,-0.1240466141154799,0.3440466141154799,0.0059533858845201015,trained,0,0,0.880013796158342,0.21993986419359807,1.0603308849259867
unseen+0.22,cola_can,8,7238,collect the can of cola and place it in the basket,-0.13,0.22,-0.12749647775775935,0.3474964777577594,0.0025035222422406522,trained,0,0,0.8800137961583416,0.21993986419359818,1.0603308849259867
unseen+0.22,cola_can,9,7239,pick up the can of cola and place it in the basket,-0.13,0.22,-0.11045803925782255,0.3304580392578226,0.019541960742177455,trained,0,0,0.8800137961583415,0.21993986419359812,1.0603308849259867
unseen+0.22,cola_can,10,7240,grab the can of cola and put it in the basket,-0.13,0.22,-0.10991454829802143,0.3299145482980214,0.020085451701978577,trained,0,0,0.8800137961583416,0.21993986419359812,1.0603308849259867
unseen+0.22,cola_can,11,7241,take the can of cola and drop it in the basket,-0.13,0.22,-0.11562126656807616,0.33562126656807617,0.014378733431923849,trained,0,0,0.8800137961583416,0.2199398641935981,1.0603308849259867
unseen+0.22,water_bottle,0,7230,pick the water bottle off the shelf and put it in the basket,0.34,0.22,0.30862493841974903,0.08862493841974903,0.031375061580250996,trained,0,0,0.8799001300820986,0.22001639104673437,1.0848957958330945
unseen+0.22,water_bottle,1,7231,collect the water bottle and place it in the basket,0.34,0.22,0.3125837347386863,0.09258373473868628,0.027416265261313744,trained,0,0,0.8799001300820979,0.2200163910467343,1.0848957958330945
unseen+0.22,water_bottle,2,7232,grab the water bottle and put it in the basket,0.34,0.22,0.31566189981019405,0.09566189981019405,0.024338100189805978,trained,0,0,0.8799001300820987,0.22001639104673418,1.0848957958330945
unseen+0.22,water_bottle,3,7233,grab the water bottle and put it in the basket,0.34,0.22,0.3309851492526871,0.11098514925268713,0.009014850747312897,trained,0,0,0.8799001300820984,0.2200163910467342,1.0848957958330945
unseen+0.22,water_bottle,4,7234,take the water bottle and drop it in the basket,0.34,0.22,0.33779744897877095,0.11779744897877095,0.002202551021229071,trained,0,0,0.8799001300820981,0.22001639104673423,1.0848957958330945
unseen+0.22,water_bottle,5,7235,pick up the water bottle and place it in the basket,0.34,0.22,0.31261899190458337,0.09261899190458336,0.02738100809541666,trained,0,0,0.8799001300820979,0.22001639104673432,1.0848957958330947
unseen+0.22,water_bottle,6,7236,collect the water bottle and place it in the basket,0.34,0.22,0.3214547430743979,0.10145474307439792,0.018545256925602105,trained,0,0,0.8799001300820987,0.22001639104673423,1.0848957958330945
unseen+0.22,water_bottle,7,7237,collect the water bottle and place it in the basket,0.34,0.22,0.31008729085757697,0.09008729085757697,0.029912709142423055,trained,0,0,0.8799001300820982,0.2200163910467344,1.0848957958330945
unseen+0.22,water_bottle,8,7238,collect the water bottle and place it in the basket,0.34,0.22,0.303398610709009,0.08339861070900897,0.03660138929099105,trained,0,0,0.8799001300820981,0.22001639104673418,1.0848957958330945
unseen+0.22,water_bottle,9,7239,pick up the water bottle and place it in the basket,0.34,0.22,0.32541401706245277,0.10541401706245276,0.01458598293754726,trained,0,0,0.8799001300820984,0.22001639104673423,1.0848957958330945
unseen+0.22,water_bottle,10,7240,grab the water bottle and put it in the basket,0.34,0.22,0.32453357032809527,0.10453357032809527,0.015466429671904758,trained,0,0,0.8799001300820969,0.22001639104673412,1.0848957958330947
unseen+0.22,water_bottle,11,7241,take the water bottle and drop it in the basket,0.34,0.22,0.3241111375975071,0.10411113759750709,0.01588886240249293,trained,0,0,0.8799001300820981,0.22001639104673437,1.0848957958330945
unseen+0.22,milk_carton,0,7230,pick the milk carton off the shelf and put it in the basket,-0.26,0.22,-0.24802992160844728,0.46802992160844725,0.01197007839155273,trained,0,0,0.8799418750169986,0.2200749984084354,1.0810563628001473
unseen+0.22,milk_carton,1,7231,collect the milk carton and place it in the basket,-0.26,0.22,-0.2382024903083445,0.4582024903083445,0.021797509691655503,trained,0,0,0.8799385047040408,0.2200695752648349,1.0810560409214856
unseen+0.22,milk_carton,2,7232,grab the milk carton and put it in the basket,-0.26,0.22,-0.24863964451742335,0.46863964451742335,0.011360355482576662,trained,0,0,0.8799399827109751,0.22007369224523415,1.0810563855936965
unseen+0.22,milk_carton,3,7233,grab the milk carton and put it in the basket,-0.26,0.22,-0.2343996826657342,0.45439968266573416,0.02560031733426582,trained,0,0,0.8799383486805493,0.22006902641642162,1.0810550964825305
unseen+0.22,milk_carton,4,7234,take the milk carton and drop it in the basket,-0.26,0.22,-0.2199505373970466,0.4399505373970466,0.04004946260295342,trained,0,0,0.8799348851443469,0.22007154768690787,1.081057257066731
unseen+0.22,milk_carton,5,7235,pick up the milk carton and place it in the basket,-0.26,0.22,-0.23841393010255707,0.45841393010255704,0.02158606989744294,trained,0,0,0.8799340046070272,0.22007124917527843,1.0810574031373135
unseen+0.22,milk_carton,6,7236,collect the milk carton and place it in the basket,-0.26,0.22,-0.23699983593645846,0.45699983593645843,0.02300016406354155,trained,0,0,0.8799388530682254,0.2200744200936435,1.0810574678217197
unseen+0.22,milk_carton,7,7237,collect the milk carton and place it in the basket,-0.26,0.22,-0.2510279812104858,0.47102798121048584,0.008972018789514202,trained,0,0,0.8799361847262892,0.2200757965393897,1.0810571831858626
unseen+0.22,milk_carton,8,7238,collect the milk carton and place it in the basket,-0.26,0.22,-0.2533969489546285,0.47339694895462847,0.006603051045371511,trained,0,0,0.8799369069979627,0.2200707297619645,1.0810566091128706
unseen+0.22,milk_carton,9,7239,pick up the milk carton and place it in the basket,-0.26,0.22,-0.22675538387147978,0.4467553838714798,0.03324461612852023,trained,0,0,0.8799409484166579,0.22007632163814644,1.0810571687797201
unseen+0.22,milk_carton,10,7240,grab the milk carton and put it in the basket,-0.26,0.22,-0.2318092908251609,0.4518092908251609,0.028190709174839096,trained,0,0,0.879940242135296,0.22007497871755366,1.0810563966656368
unseen+0.22,milk_carton,11,7241,take the milk carton and drop it in the basket,-0.26,0.22,-0.23271456743183574,0.45271456743183575,0.027285432568164264,trained,0,0,0.8799404256120987,0.2200723238415848,1.0810553089733388
unseen+0.22,bread_loaf,0,7230,pick the loaf of bread off the shelf and put it in the basket,0.0,0.22,-0.005786699684091035,0.22578669968409104,0.005786699684091035,trained,0,0,0.8800000000542699,0.22,1.0432502980288991
unseen+0.22,bread_loaf,1,7231,collect the loaf of bread and place it in the basket,0.0,0.22,0.001698414642590814,0.21830158535740918,0.001698414642590814,trained,0,0,0.8800000000542695,0.22,1.0432502980288991
unseen+0.22,bread_loaf,2,7232,grab the loaf of bread and put it in the basket,0.0,0.22,-0.006291351805080246,0.22629135180508025,0.006291351805080246,trained,0,0,0.8800000000542698,0.22,1.0432502980288991
unseen+0.22,bread_loaf,3,7233,grab the loaf of bread and put it in the basket,0.0,0.22,0.00869120647592255,0.21130879352407744,0.00869120647592255,trained,0,0,0.88000000005427,0.22,1.0432502980288991
unseen+0.22,bread_loaf,4,7234,take the loaf of bread and drop it in the basket,0.0,0.22,0.017839343993977234,0.20216065600602276,0.017839343993977234,trained,0,0,0.8800000000542696,0.22,1.0432502980288991
unseen+0.22,bread_loaf,5,7235,pick up the loaf of bread and place it in the basket,0.0,0.22,-0.005628438516838201,0.2256284385168382,0.005628438516838201,trained,0,0,0.8800000000542697,0.22,1.0432502980288991
unseen+0.22,bread_loaf,6,7236,collect the loaf of bread and place it in the basket,0.0,0.22,0.006112947444870666,0.21388705255512933,0.006112947444870666,trained,0,0,0.8800000000542697,0.22,1.0432502980288991
unseen+0.22,bread_loaf,7,7237,collect the loaf of bread and place it in the basket,0.0,0.22,-0.006084211702677277,0.22608421170267728,0.006084211702677277,trained,0,0,0.8800000000542697,0.22,1.0432502980288991
unseen+0.22,bread_loaf,8,7238,collect the loaf of bread and place it in the basket,0.0,0.22,-0.008638315819687114,0.2286383158196871,0.008638315819687114,trained,0,0,0.8800000000542698,0.22,1.0432502980288991
unseen+0.22,bread_loaf,9,7239,pick up the loaf of bread and place it in the basket,0.0,0.22,0.003972809610588117,0.21602719038941187,0.003972809610588117,trained,0,0,0.8800000000542699,0.22,1.0432502980288991
unseen+0.22,bread_loaf,10,7240,grab the loaf of bread and put it in the basket,0.0,0.22,0.006181343726697534,0.21381865627330246,0.006181343726697534,trained,0,0,0.8800000000542693,0.22,1.0432502980288991
unseen+0.22,bread_loaf,11,7241,take the loaf of bread and drop it in the basket,0.0,0.22,0.007190949511126796,0.21280905048887322,0.007190949511126796,trained,0,0,0.8800000000542699,0.22,1.0432502980288991
