checkpoint,item,trial,seed,instruction,grasp,placement,start_x,start_y,start_z,final_x,final_y,final_z,basket_x,basket_y,basket_z,max_lift,reached_lateral_y,joint_config_at_grasp
020000,bread_loaf,0,5000,take the loaf of bread and drop it in the basket,1,1,0.8727736697194883,0.015191608371682451,1.043193179550833,0.19125969970062046,0.012809124266382374,0.5984372238062158,0.23995195107345949,7.857063672973421e-06,0.47,0.1425447488874645,0.018851142442687745,2.9748 -1.1441 1.4251 -1.8288 -1.5682 -1.6544
020000,bread_loaf,1,5001,pick up the loaf of bread and place it in the basket,1,1,0.8935687234646346,-0.021718493561343706,1.043193179550833,0.19258175222360252,0.001290564165449785,0.5012820059690672,0.2399522266045138,-7.762393294148086e-07,0.47,0.13199755399915958,0.0019361163775481708,2.9593 -1.1194 1.3861 -1.8151 -1.5677 -1.6680
020000,bread_loaf,2,5002,collect the loaf of bread and place it in the basket,1,1,0.8933248285155033,-0.011977269091900406,1.043193179550833,0.20619012657446206,0.0186473681486867,0.5012734037312546,0.2399522266045138,-7.762393294148086e-07,0.47,0.132455883255566,0.005423538986972233,2.9628 -1.1211 1.3891 -1.8158 -1.5677 -1.6625
020000,bread_loaf,3,5003,grab the loaf of bread and put it in the basket,1,1,0.861474136157444,0.00019083941279408526,1.043193179550833,0.2012164176989197,0.016520603931687503,0.5012731826404111,0.2399522266045138,-7.762393294148086e-07,0.47,0.1084252579209668,0.015836551221618134,2.9692 -1.1617 1.4281 -1.8300 -1.5683 -1.6717
020000,bread_loaf,4,5004,pick up the loaf of bread and place it in the basket,1,1,0.8787881587316877,-0.01716841691634409,1.043193179550833,0.19483300538284098,-0.002789528920107442,0.5891676821010462,0.2399522266045138,-7.762393294148086e-07,0.47,0.14935576260864836,0.0006393245275162249,2.9563 -1.1310 1.4090 -1.8288 -1.5677 -1.6927
020000,bread_loaf,5,5005,collect the loaf of bread and place it in the basket,1,1,0.8815601264231105,-0.01210379965297493,1.043193179550833,0.2588292619667714,-0.005524248330688911,0.5013717056567966,0.2399522266045138,-7.762393294148086e-07,0.47,0.14831559500011537,0.004048836489428227,2.9602 -1.1303 1.4071 -1.8292 -1.5678 -1.6847
020000,bread_loaf,6,5006,grab the loaf of bread and put it in the basket,1,0,0.8773685806558675,-0.000315800553447869,1.043193179550833,0.19143876371838742,0.004507592822654748,0.6033437788136908,0.2399522266045138,-7.762393294148086e-07,0.47,0.14412457007090196,0.010256381636271555,2.9661 -1.1373 1.4190 -1.8329 -1.5681 -1.6767
020000,bread_loaf,7,5007,put the loaf of bread into the basket,1,1,0.8550387469631595,-0.01920773953153895,1.043193179550833,0.1562557010763906,0.05917753586003796,0.4980169141307919,0.2399522266045138,-7.762393294148086e-07,0.47,0.11296556882269293,0.011694768834903382,2.9628 -1.1680 1.4108 -1.8318 -1.5675 -1.6807
020000,bread_loaf,8,5008,collect the loaf of bread and place it in the basket,1,1,0.8647519510923155,0.012256215363879053,1.043193179550833,0.18716108278525015,0.017992902525481642,0.5012786194879416,0.2399522266045138,-7.762393294148086e-07,0.47,0.10763615001905102,0.022127375007911884,2.9763 -1.1602 1.4261 -1.8271 -1.5683 -1.6650
020000,bread_loaf,9,5009,take the loaf of bread and drop it in the basket,1,1,0.888616979681282,0.006217026512621394,1.043193179550833,0.19109401614933597,0.017020222736805927,0.5012602057406549,0.2399522266045138,-7.762393294148086e-07,0.47,0.12664059069976563,0.01549617037548428,2.9729 -1.1285 1.4003 -1.8198 -1.5679 -1.6488
020000,bread_loaf,10,5010,grab the loaf of bread and put it in the basket,1,0,0.8556444555328375,0.012096165850374353,1.043193179550833,0.1510162076239004,0.08071415147394033,0.4980268805301857,0.2399522266045138,-7.762393294148086e-07,0.47,0.1055204599723909,0.02551018486365412,2.9777 -1.1695 1.4138 -1.8291 -1.5674 -1.6581
020000,bread_loaf,11,5011,pick up the loaf of bread and place it in the basket,1,1,0.871611137519647,0.00023138739014849635,1.043193179550833,0.21249567797946528,0.05881533675558207,0.49802440524543257,0.2399522266045138,-7.762393294148086e-07,0.47,0.13994007240069584,0.010435953640531192,2.9658 -1.1420 1.4258 -1.8348 -1.5681 -1.6725
020000,bread_loaf,12,5012,grab the loaf of bread and put it in the basket,1,1,0.904151833132045,-0.012215185761145358,1.043193179550833,0.24996797580985974,-0.0015214862168474673,0.5013620180669509,0.2399522266045138,-7.762393294148086e-07,0.47,0.13584398265400144,0.0057353012437119846,2.9642 -1.1132 1.3760 -1.8120 -1.5678 -1.6656
020000,bread_loaf,13,5013,grab the loaf of bread and put it in the basket,1,1,0.8920710808894934,-0.010667497102497675,1.043193179550833,0.2551564533193635,0.013890019682099266,0.5013698834505429,0.2399522266045138,-7.762393294148086e-07,0.47,0.13107342225126373,0.005691652101724361,2.9631 -1.1215 1.3905 -1.8169 -1.5677 -1.6630
020000,bread_loaf,14,5014,take the loaf of bread and drop it in the basket,1,1,0.8934925569746593,0.0075977934138603265,1.043193179550833,0.20252745515804998,0.06857612299609299,0.49802340540197315,0.2399522266045138,-7.762393294148086e-07,0.47,0.12850260753388754,0.016645355402506883,2.9746 -1.1248 1.3935 -1.8184 -1.5678 -1.6459
020000,bread_loaf,15,5015,pick the loaf of bread off the shelf and put it in the basket,1,0,0.856619822602135,-0.01317939558775403,1.043193179550833,0.14393600344043309,0.019497449026841356,0.5012855702988562,0.2399522266045138,-7.762393294148086e-07,0.47,0.11128500017202025,0.013915537743519772,2.9651 -1.1690 1.4136 -1.8310 -1.5675 -1.6749
020000,bread_loaf,16,5016,collect the loaf of bread and place it in the basket,1,1,0.9028062059691552,-0.011332168315829711,1.043193179550833,0.2139379951191986,0.012558122299710622,0.5012847363277652,0.2399522266045138,-7.762393294148086e-07,0.47,0.13505404697336232,0.006449154308889177,2.9649 -1.1132 1.3760 -1.8108 -1.5678 -1.6641
020000,bread_loaf,17,5017,pick up the loaf of bread and place it in the basket,1,1,0.8964210379398443,0.0037425766484561647,1.043193179550833,0.18985059918373431,0.016565317267747973,0.5012749080674295,0.2399522266045138,-7.762393294148086e-07,0.47,0.13063990410112125,0.014804507788256992,2.9732 -1.1197 1.3865 -1.8158 -1.5679 -1.6510
020000,bread_loaf,18,5018,take the loaf of bread and drop it in the basket,1,1,0.8739995012159237,0.017280375358946644,1.043193179550833,0.20136662340443306,0.03049890914468892,0.5012569368622105,0.2399522266045138,-7.762393294148086e-07,0.47,0.12295767873539032,0.01955291624638012,2.9757 -1.1448 1.4234 -1.8307 -1.5679 -1.6449
020000,bread_loaf,19,5019,grab the loaf of bread and put it in the basket,1,1,0.8643748041085707,-0.011749353074884528,1.043193179550833,0.2088628970045975,-0.015345421247001145,0.5012828856805118,0.2399522266045138,-7.762393294148086e-07,0.47,0.1526942343640214,0.004963556317333112,2.9590 -1.1469 1.4291 -1.8366 -1.5676 -1.6821
